{"stats":{"minecraft:custom":{"minecraft:time_since_rest":38781,"minecraft:sprint_one_cm":19253,"minecraft:walk_one_cm":62579,"minecraft:mob_kills":11,"minecraft:inspect_hopper":26,"minecraft:damage_dealt":3957,"minecraft:talked_to_villager":1,"minecraft:interact_with_cartography_table":21,"minecraft:fly_one_cm":1056442,"minecraft:crouch_one_cm":17559,"minecraft:play_one_minute":150810,"minecraft:deaths":4,"minecraft:sneak_time":18839,"minecraft:walk_under_water_one_cm":46,"minecraft:jump":349,"minecraft:leave_game":8,"minecraft:walk_on_water_one_cm":1723,"minecraft:time_since_death":102660,"minecraft:sleep_in_bed":1},"minecraft:killed":{"minecraft:zombie":2,"minecraft:iron_golem":2,"minecraft:villager":6},"minecraft:picked_up":{"minecraft:redstone_block":1,"minecraft:repeater":1,"minecraft:diamond_sword":1,"minecraft:stone_brick_wall":1,"minecraft:villager_spawn_egg":1,"minecraft:redstone":1,"minecraft:white_carpet":29,"minecraft:glass":1,"minecraft:slime_ball":3,"minecraft:stone_bricks":143,"minecraft:comparator":1,"minecraft:iron_ingot":8,"minecraft:redstone_torch":1,"minecraft:poppy":2},"minecraft:used":{"minecraft:redstone_torch":2,"minecraft:oak_trapdoor":65,"minecraft:sticky_piston":28,"minecraft:glass":206,"minecraft:lever":1,"minecraft:water_bucket":59,"minecraft:villager_spawn_egg":106,"minecraft:quartz_slab":179,"minecraft:redstone":26,"minecraft:quartz_block":163,"minecraft:cartography_table":32,"minecraft:oak_sign":60,"minecraft:redstone_block":20,"minecraft:zombie_spawn_egg":21,"minecraft:smooth_quartz":85,"minecraft:quartz_stairs":30,"minecraft:stone_bricks":659,"minecraft:white_wool":4,"minecraft:diamond_sword":58,"minecraft:repeater":12,"minecraft:comparator":14,"minecraft:white_carpet":188,"minecraft:hopper":6,"minecraft:white_bed":26,"minecraft:smooth_stone_slab":144,"minecraft:white_concrete":11,"minecraft:stone_brick_wall":185,"minecraft:oak_fence_gate":135}},"DataVersion":2586}