{"stats":{"minecraft:killed":{"minecraft:trader_llama":2,"minecraft:wandering_trader":1},"minecraft:dropped":{"minecraft:pink_concrete":2,"minecraft:gray_concrete":1,"minecraft:redstone_lamp":2,"minecraft:repeater":1,"minecraft:white_concrete":1,"minecraft:sticky_piston":1,"minecraft:redstone":1},"minecraft:picked_up":{"minecraft:wooden_axe":2,"minecraft:pink_concrete":1,"minecraft:repeater":112,"minecraft:redstone_lamp":1,"minecraft:yellow_concrete":1,"minecraft:leather":1,"minecraft:lead":2,"minecraft:gold_block":1,"minecraft:stone_button":8,"minecraft:blue_concrete":2,"minecraft:redstone":1596,"minecraft:smooth_stone_slab":1,"minecraft:sticky_piston":30,"minecraft:lever":68,"minecraft:comparator":9,"minecraft:redstone_torch":426,"minecraft:white_concrete":1,"minecraft:piston":19,"minecraft:white_wool":1},"minecraft:used":{"minecraft:netherite_sword":8,"minecraft:sticky_piston":172,"minecraft:glass":17,"minecraft:piston":54,"minecraft:lever":615,"minecraft:green_concrete":2218,"minecraft:black_concrete":63,"minecraft:orange_concrete":1238,"minecraft:slime_block":36,"minecraft:red_concrete":180,"minecraft:oak_button":1,"minecraft:grass_block":1,"minecraft:oak_sign":55,"minecraft:redstone":17217,"minecraft:stone_button":184,"minecraft:smooth_sandstone":507,"minecraft:quartz_block":1102,"minecraft:blue_wool":1,"minecraft:magenta_concrete":2666,"minecraft:cyan_concrete":1743,"minecraft:redstone_block":847,"minecraft:smooth_quartz":1029,"minecraft:cauldron":1,"minecraft:white_wool":17,"minecraft:pink_concrete":4500,"minecraft:repeater":3305,"minecraft:glowstone":22,"minecraft:redstone_lamp":1860,"minecraft:dirt":1,"minecraft:potion":4,"minecraft:target":149,"minecraft:comparator":372,"minecraft:black_stained_glass":25,"minecraft:gray_glazed_terracotta":9,"minecraft:hopper":4,"minecraft:white_stained_glass":99,"minecraft:yellow_concrete":3213,"minecraft:gold_block":236,"minecraft:smooth_stone_slab":847,"minecraft:note_block":4,"minecraft:stone_pressure_plate":1,"minecraft:gray_concrete":7832,"minecraft:white_concrete":7719,"minecraft:blue_concrete":2478,"minecraft:observer":3,"minecraft:light_blue_stained_glass":9,"minecraft:redstone_torch":4167},"minecraft:custom":{"minecraft:time_since_rest":11948309,"minecraft:sprint_one_cm":748672,"minecraft:walk_one_cm":1453697,"minecraft:mob_kills":3,"minecraft:drop":9,"minecraft:inspect_hopper":3,"minecraft:damage_dealt":630,"minecraft:tune_noteblock":15,"minecraft:fly_one_cm":59133027,"minecraft:open_chest":1,"minecraft:crouch_one_cm":239273,"minecraft:play_time":12737061,"minecraft:deaths":2,"minecraft:sneak_time":1107588,"minecraft:jump":10814,"minecraft:leave_game":69,"minecraft:walk_on_water_one_cm":9870,"minecraft:time_since_death":11948275,"minecraft:total_world_time":16522725,"minecraft:use_cauldron":3}},"DataVersion":2865}