{"stats":{"minecraft:picked_up":{"minecraft:slime_ball":23,"minecraft:bone":1,"minecraft:arrow":6},"minecraft:dropped":{"minecraft:slime_ball":16},"minecraft:custom":{"minecraft:time_since_rest":38738,"minecraft:interact_with_furnace":1,"minecraft:sprint_one_cm":12082,"minecraft:walk_one_cm":39696,"minecraft:mob_kills":4,"minecraft:drop":16,"minecraft:damage_dealt":114,"minecraft:minecart_one_cm":6166,"minecraft:fly_one_cm":172427,"minecraft:crouch_one_cm":6430,"minecraft:play_time":38738,"minecraft:sneak_time":3731,"minecraft:walk_under_water_one_cm":5024,"minecraft:jump":134,"minecraft:leave_game":10,"minecraft:time_since_death":38738,"minecraft:walk_on_water_one_cm":16935,"minecraft:total_world_time":69976},"minecraft:used":{"minecraft:redstone_torch":7,"minecraft:lever":2,"minecraft:sticky_piston":5,"minecraft:glass":28,"minecraft:piston":10,"minecraft:water_bucket":65,"minecraft:packed_ice":54,"minecraft:black_concrete":26,"minecraft:light_gray_concrete":10,"minecraft:iron_block":47,"minecraft:grass_block":24,"minecraft:redstone":6,"minecraft:slime_block":16,"minecraft:stone_button":1,"minecraft:oak_sign":1,"minecraft:stone":33,"minecraft:redstone_block":4,"minecraft:rail":1,"minecraft:repeater":2,"minecraft:dirt":2,"minecraft:magma_block":63,"minecraft:skeleton_spawn_egg":5,"minecraft:furnace":16,"minecraft:minecart":1,"minecraft:skeleton_skull":1,"minecraft:stone_pressure_plate":45,"minecraft:white_concrete":156,"minecraft:gray_concrete":15},"minecraft:killed":{"minecraft:skeleton":4}},"DataVersion":2730}