{"stats":{"minecraft:picked_up":{"minecraft:redstone_torch":1},"minecraft:custom":{"minecraft:jump":49,"minecraft:time_since_rest":360153,"minecraft:inspect_hopper":8,"minecraft:leave_game":13,"minecraft:crouch_one_cm":1498,"minecraft:play_time":360153,"minecraft:sprint_one_cm":987,"minecraft:time_since_death":360153,"minecraft:walk_one_cm":25771,"minecraft:sneak_time":16044,"minecraft:total_world_time":400139,"minecraft:interact_with_crafting_table":3,"minecraft:fly_one_cm":794066},"minecraft:used":{"minecraft:redstone_torch":4,"minecraft:oak_sign":2,"minecraft:dirt":7,"minecraft:white_concrete":1,"minecraft:enchanting_table":1,"minecraft:bookshelf":15,"minecraft:hopper":2,"minecraft:crafting_table":1,"minecraft:redstone":2}},"DataVersion":3120}