{"stats":{"minecraft:killed":{"minecraft:skeleton":23},"minecraft:custom":{"minecraft:time_since_rest":27397,"minecraft:crouch_one_cm":1383,"minecraft:sprint_one_cm":26339,"minecraft:play_time":24780,"minecraft:walk_one_cm":32157,"minecraft:sneak_time":2117,"minecraft:walk_under_water_one_cm":37417,"minecraft:mob_kills":23,"minecraft:jump":217,"minecraft:damage_dealt":1069,"minecraft:leave_game":8,"minecraft:walk_on_water_one_cm":11737,"minecraft:time_since_death":27397,"minecraft:total_world_time":33557,"minecraft:fly_one_cm":142551},"minecraft:used":{"minecraft:glass":357,"minecraft:oak_fence":1,"minecraft:water_bucket":50,"minecraft:diamond_sword":18,"minecraft:soul_sand":2,"minecraft:dirt":36,"minecraft:magma_block":17,"minecraft:skeleton_spawn_egg":33,"minecraft:grass_block":2,"minecraft:cobblestone_wall":1,"minecraft:oak_sign":9,"minecraft:quartz_block":28,"minecraft:white_concrete":6},"minecraft:picked_up":{"minecraft:arrow":22,"minecraft:bone":31,"minecraft:bow":1}},"DataVersion":2730}